"﻿变量名",_beizhu,name,name_tw,name_en,name_vn,name_kr,group,res,desc,desc_tw,desc_en,desc_vn,desc_kr,onlyOne,limit,choice1,choice1_tw,choice1_en,choice1_vn,choice1_kr,resultDesc1,resultDesc1_tw,resultDesc1_en,resultDesc1_vn,resultDesc1_kr,result1,choice2,choice2_tw,choice2_en,choice2_vn,choice2_kr,resultDesc2,resultDesc2_tw,resultDesc2_en,resultDesc2_vn,resultDesc2_kr,result2,choice3,choice3_tw,choice3_en,choice3_vn,choice3_kr,resultDesc3,resultDesc3_tw,resultDesc3_en,resultDesc3_vn,resultDesc3_kr,result3
默认值,"""""","""""","""""","""""","""""","""""",1,"""""","""""","""""","""""","""""","""""",FALSE,999,"""""","""""","""""","""""","""""","""""","""""","""""","""""","""""",{},"""""","""""","""""","""""","""""","""""","""""","""""","""""","""""",{},"""""","""""","""""","""""","""""","""""","""""","""""","""""","""""",{}
ID,备注,事件标题,事件标题,事件标题,事件标题_越南,事件标题_韩,组ID,卡面资源,事件描述,事件描述,事件描述,事件描述_越南,事件描述_韩,今日是否唯一,限制出现的次数,选择1描述,选择1描述,选择1描述,选择1描述_越南,选择1描述_韩,结果1描述,结果1描述,结果1描述,结果1描述_越南,结果1描述_韩,结果1,选择2描述,选择2描述,选择2描述,选择2描述_越南,选择2描述_韩,结果2描述,结果2描述,结果2描述,结果2描述_越南,结果2描述_韩,结果2,选择3描述,选择3描述,选择3描述,选择3描述_越南,选择3描述_韩,结果3描述,结果3描述,结果3描述,结果3描述_越南,结果3描述_韩,结果3
,,,,,,,,,,,,,,,,,,,,,,,,,,,,,,,,,,,,,,,,,,,,,,,,
,,,,,,,,,,,,,,,,,,,,,,,,,,,,,,,,,,,,,,,,,,,,,,,,
1,,Exquisite Statue,精緻雕像,Exquisite Statue,404404,정교한 조각상,2,,"A delicate statue fell to the ground, and it seemed that golden light was shining inside the statue.",有一個精緻的雕像倒在了地上，似乎可以看到雕像內閃爍著金色的光,"A delicate statue fell to the ground, and it seemed that golden light was shining inside the statue.",404404,"""정교한 조각상이 바닥에 쓰러졌으며, 조각상 안에서 황금색 빛이 반짝이는 것이 보이는 것 같다""",TRUE,,Place the statue properly,將雕像擺好,Place the statue properly,404404,조각상을 원래대로 둔다,"You receive blessings from the statue, HP of all Pokémons on battlefield is fully restored",獲得了雕像的祝福，上陣精靈的hp完全恢復,"You receive blessings from the statue, HP of all Pokémons on battlefield is fully restored",404404,"""조각상의 축복을 받아, 출전한 포켓몬은 HP를 완전히 회복한다""",{buff=<210>},Smash it,砸碎它,Smash it,404404,깨부순다,"You get coins, but are cursed, causing the HP all battling Pokémons to reduce by 20%",獲得了金幣，但是受到了詛咒，所有上陣精靈生命值減少20%,"You get coins, but are cursed, causing the HP all battling Pokémons to reduce by 20%",404404,"""골드 코인을 획득했지만, 저주를 받아 출전한 모든 포켓몬의 HP가 20% 감소한다""",{items={gold=5000};buff=<201>},Turn a blind eye,視而不見,Turn a blind eye,404404,못 본 척 한다,Nothing happened,什麼都沒有發生,Nothing happened,404404,아무 일도 일어나지 않았다,
2,,Strange Statue,奇異雕像,Strange Statue,Bức Tượng Kỳ Lạ,신기한 조각상,2,,"A strange statue fell to the ground, and it seemed that sparkly light was shining inside the statue.",有一個奇特的雕像倒在了地上，似乎可以看到雕像內閃爍著耀眼的光,"A strange statue fell to the ground, and it seemed that sparkly light was shining inside the statue.","Có q bức tượng kỳ lạ rơi trên đất, hình như có thể nhìn thấy ánh sáng rực rỡ trong bức tượng","""특별한 조각상이 바닥에 쓰러졌으며, 조각상 안에서 눈 부신 빛이 반짝이는 것이 보이는 것 같다""",TRUE,,Place the statue properly,將雕像擺好,Place the statue properly,404404,조각상을 원래대로 둔다,"You receive blessings from the statue, rage value of all Pokémons on battlefield is fully restored",獲得了雕像的祝福，上陣精靈的怒氣完全恢復,"You receive blessings from the statue, rage value of all Pokémons on battlefield is fully restored","Nhận được chúc phúc của Bức Tượng, Pokémon lên trận khôi phục hoàn toàn Nộ Khí","""조각상의 축복을 받아, 출전한 포켓몬은 분노를 완전히 회복한다""",{buff=<211>},Smash it,砸碎它,Smash it,404404,깨부순다,"You get coins, but are cursed, losing all rage value of the Pokémons on the battlefield",獲得了金幣，但是受到了詛咒，所有上陣精靈怒氣被清空了,"You get coins, but are cursed, losing all rage value of the Pokémons on the battlefield","Nhận được Gold, nhưng bị nguyền rủa, tất cả Pokémon lên trận đều bị xoá Nộ Khí","""골드 코인을 획득했지만, 저주를 받아 출전한 모든 포켓몬의 분노가 0이 된다""",{items={gold=5000};buff=<205>},Turn a blind eye,視而不見,Turn a blind eye,404404,못 본 척 한다,"The statue gives out a faint light, and you seem to have received blessing after it is  attached to your body. In the next battle, allied Pokémons get a 100% chance of damage bonus after knocking down enemies for 2 turns",雕像中透露出一個微弱的光，附加到你的身上，似乎得到了祝福，下一次戰鬥中，我方精靈擊殺敵人後可以獲得100%的攻擊力加成，持續2回合,"The statue gives out a faint light, and you seem to have received blessing after it is  attached to your body. In the next battle, allied Pokémons get a 100% chance of damage bonus after knocking down enemies for 2 turns","Trong bức tượng lộ ra ánh sáng mờ nhạt, gắn lên trên người bạn, dường như đã nhận được chúc phúc, lần chiến đấu sau, Pokémon phe ta sau khi tiêu diệt kẻ địch nhận tăng 100% Tấn Công, trong 2 hiệp","""조각상에서 희미한 빛이 나면서, 당신의 몸을 비추더니, 축복을 내려줬다. 다음 전투에서, 아군 포켓몬이 적을 처치하면 2턴 간 100%의 공격력 보너스를 얻는다""",{buff=<1038>}
3,,Ferocious Roadblocking Monster,攔路凶獸,Ferocious Roadblocking Monster,404404,길을 막은 몬스터,1,,You accidentally awakened the sleeping Snorlax,你誤打誤撞吵醒了正在熟睡的卡比獸,You accidentally awakened the sleeping Snorlax,404404,당신은 이러쿵저러쿵 하다가 잠자고 있던 잠만보를 깨웠다,,3,Console him,安撫他,Console him,404404,쓰다듬어 준다,"Snorlax continues to fall asleep, a treasure chest seems to be placed behind him",卡比獸繼續倒頭大睡，他的身後似乎有個寶箱,"Snorlax continues to fall asleep, a treasure chest seems to be placed behind him",404404,"""잠만보는 계속 잠을 잤고, 그의 몸 뒤에는 보물상자가 있는 것 같다""",{items={gold=5000}},Hide,藏起來,Hide,404404,숨긴다,"Snorlax is raging, it gives out a loud roar that frightens you. P.ATK and SP.ATK is reduced by 10%, the rage points of the Pokémons on the battlefield reduce as well.",卡比獸怒不可遏，發出怒吼，你受到驚嚇，物理和特殊攻擊力降低10%，上陣精靈怒氣減少,"Snorlax is raging, it gives out a loud roar that frightens you. P.ATK and SP.ATK is reduced by 10%, the rage points of the Pokémons on the battlefield reduce as well.",404404,"""잠만보가 매우 화를 내면서 포효를 했고, 당신은 매우 놀라, 물리&특수 공격력이 10% 감소했고, 출전한 포켓몬의 분노가 감소했다""",{buff=<212;213>},,,,,,,,,,,
4,,Hidden mystery,暗藏玄機,Hidden mystery,404404,숨겨진 수수께끼,2,,"It's empty here, but seems like a faint sound can be heard",這裡空空的，似乎能聽到微弱的聲音,"It's empty here, but seems like a faint sound can be heard",404404,"""이곳은 텅텅 비어있었고, 미약한 소리가 들리는 것 같다""",,,Listening Attentively,側耳傾聽,Listening Attentively,404404,귀 기울여 듣는다,"After hearing Meloetta's voice, at the beginning of the next battle, the allied Pokémon that makes the first move deals double damage",聽到了美洛耶塔的歌聲，下一次戰鬥開始時，我方第一隻行動的精靈造成雙倍傷害,"After hearing Meloetta's voice, at the beginning of the next battle, the allied Pokémon that makes the first move deals double damage","Nghe được tiếng hát của Meloetta, trận chiến sau bắt đầu, Pokémon hành động đầu tiên phe ta gây sát thương nhân đôi","""메로엣타의 노랫소리를 들었다. 다음 전투 시작 시, 첫 번째로 행동하는 아군 포켓몬이 입히는 피해가 2배가 된다""",{buff=<1039>},Look around,四處找找,Look around,404404,사방을 뒤져본다,You found a chest that seems to contain something,似乎找到了一個寶箱，裡面有一些東西,You found a chest that seems to contain something,404404,뭔가가 들어 있는 듯한 보물상자를 찾은 것 같다,{items={gold=5000}},,,,,,,,,,,
5,,Mysterious chest,迷之寶箱,Mysterious chest,404404,미스테리 보물상자,2,,You found a chest that looks kinda weird,發現了一個長相奇特的寶箱,You found a chest that looks kinda weird,404404,특이하게 생긴 보물상자를 발견했다,,,Throw a stone,扔個石頭過去,Throw a stone,404404,돌을 던져본다,"The treasure chest opened its huge mouth and swallowed the stone, but it seems to have knocked its teeth and dropped a small bag of coins",寶箱怪張開巨大的嘴巴把石頭吞了下去，似乎是磕到了牙，掉落了一小袋金幣,"The treasure chest opened its huge mouth and swallowed the stone, but it seems to have knocked its teeth and dropped a small bag of coins","Qúai Rương mở miệng khổng lồ nuốt trọn hòn đá, hình như đụng phải răng, rớt xuống 1 túi Gold nhỏ","""보물상자가 거대한 입을 벌려 바위를 삼켜버리더니, 혀를 깨물었는지 작은 골드 코인 주머니를 떨궜다""",{items={gold=5000}},Go and check it out,上前查看,Go and check it out,404404,다가가서 본다,"It's actually a chest monster, HP of battling Pokémons has reduced",居然是個寶箱怪，上陣精靈生命值減少了,"It's actually a chest monster, HP of battling Pokémons has reduced",404404,설마 했는데 보물상자 몬스터였다. 출전한 포켓몬의 HP가 감소했다,{buff=<200>},Beware ahead,小心上前,Beware ahead,404404,조심히 다가간다,You get one chest,獲得了一個寶箱,You get one chest,404404,보물상자 하나를 획득했다,{items={gold=15000}}
6,,Mysterious chest,迷之寶箱,Mysterious chest,404404,미스테리 보물상자,2,,You found a chest that looks kinda weird,發現了一個長相奇特的寶箱,You found a chest that looks kinda weird,404404,특이하게 생긴 보물상자를 발견했다,,,Throw a stone,扔個石頭過去,Throw a stone,404404,돌을 던져본다,"The treasure chest opened its huge mouth and swallowed the stone, but it seems to have knocked its teeth and dropped a small bag of coins",寶箱怪張開巨大的嘴巴把石頭吞了下去，似乎是磕到了牙，掉落了一小袋金幣,"The treasure chest opened its huge mouth and swallowed the stone, but it seems to have knocked its teeth and dropped a small bag of coins","Qúai Rương mở miệng khổng lồ nuốt trọn hòn đá, hình như đụng phải răng, rớt xuống 1 túi Gold nhỏ","""보물상자가 거대한 입을 벌려 바위를 삼켜버리더니, 혀를 깨물었는지 작은 골드 코인 주머니를 떨궜다""",{items={gold=5000}},Go and check it out,上前查看,Go and check it out,404404,다가가서 본다,You get one chest,獲得了一個寶箱,You get one chest,404404,보물상자 하나를 획득했다,{items={gold=9000}},Beware ahead,小心上前,Beware ahead,404404,조심히 다가간다,"It's actually a chest monster, HP of battling Pokémons has reduced",居然是個寶箱怪，上陣精靈生命值減少了,"It's actually a chest monster, HP of battling Pokémons has reduced",404404,설마 했는데 보물상자 몬스터였다. 출전한 포켓몬의 HP가 감소했다,{buff=<200>}
7,,An Encounter with Team Rocket,遭遇火箭隊,An Encounter with Team Rocket,404404,로켓단 조우,1,,You found the Team Rocket trio who are behaving suspiciously,發現了鬼鬼祟祟的火箭隊三人組,You found the Team Rocket trio who are behaving suspiciously,404404,수상한 로켓단 삼인조를 발견했다,,,Say hello,上前打招呼,Say hello,404404,다가가 인사를 한다,"The trio is startled and a battle ensued. HP of battling Pokémons reduces by 10%, but rage level has increased",三人組受到了驚嚇，當即發生對戰，上陣精靈生命值減少10%，但是怒氣值增加了,"The trio is startled and a battle ensued. HP of battling Pokémons reduces by 10%, but rage level has increased","Bộ ba hoảng sợ, lập tức quyết đấu, Pokémon lên trận giảm 10% HP, nhưng tăng Nộ Khí","""삼인조는 매우 놀라며 즉시 대결이 일어났다. 출전한 포켓몬의 HP가 10% 감소하지만, 분노가 증가했다""",{buff=<200;215>},Observe secretly,偷偷觀察,Observe secretly,404404,몰래 본다,"They seem to have found something valuable and left. Following the traces, you also found some remaining coins. You get 15,000 coins.",他們似乎找到了什麼值錢的東西後離開了，跟著他們的步伐，你也找到了一些殘留的金幣，金幣+15000,"They seem to have found something valuable and left. Following the traces, you also found some remaining coins. You get 15,000 coins.",404404,"""그들은 뭔가 돈이 될만한 물건을 찾아서 떠난 것 같다. 그들을 따라가 보니, 당신도 남아있는 골드 코인을 획득했다. 골드 코인+15000""",{items={gold=15000}},,,,,,,,,,,
8,,An Encounter with Team Rocket,遭遇火箭隊,An Encounter with Team Rocket,404404,로켓단 조우,1,,You found the Team Rocket trio who are behaving suspiciously,發現了鬼鬼祟祟的火箭隊三人組,You found the Team Rocket trio who are behaving suspiciously,404404,수상한 로켓단 삼인조를 발견했다,,,Say hello,上前打招呼,Say hello,404404,다가가 인사를 한다,"The trio is startled and ran away swiftly. In their hasty escape, they seem to have left behind some coins",三人組受到了驚嚇，飛也似地逃走了，慌亂中似乎留下了一些金幣,"The trio is startled and ran away swiftly. In their hasty escape, they seem to have left behind some coins","Bộ ba hoảng sợ, lập tức chạy trốn, trong lúc hoảng loạn bỏ lại một số Gold","""삼인조는 매우 놀라며 날아가는 듯이 도망쳤고, 그 와중에 골드 코인을 떨궜다""",{items={gold=15000}},Observe secretly,偷偷觀察,Observe secretly,404404,몰래 본다,"You've been discovered and have no chpice but to battle. HP of battling Pokémons reduces by 10%, but rage level has increased",似乎被他們發現了，被迫進行對戰，上陣精靈生命值減少10%，但是怒氣值增加了,"You've been discovered and have no chpice but to battle. HP of battling Pokémons reduces by 10%, but rage level has increased","Có bị đã bị họ phát hiện, buộc phải quyết đấu, Pokémon lên trận giảm 10% HP, nhưng Nộ Khí tăng","""그들에게 발각된 것 같아, 어쩔 수 없이 전투가 일어났다. 출전한 포켓몬의 HP가 10% 감소했지만, 분노가 증가했다""",{buff=<200;215>},,,,,,,,,,,
9,,Mysterious man,神秘人,Mysterious man,404404,수수께끼의 인물,2,,You suddenly meet a suspicious-looking person and approached him,忽然遇到一個形跡可疑的人，你向他搭話,You suddenly meet a suspicious-looking person and approached him,404404,"""행동이 수상한 사람을 발견했고, 당신은 그에게 말을 걸었다""",,,Who are you,你是誰,Who are you,404404,당신은 누구세요?,"The mysterious man revealed his identity and takes out a gem - he is actually an explorer. You take the gem and receive blessings from it. In the subsequent battle, allied Pokémons receive a initial rage value of 1000.",神秘人說出自己身份，其實他是一個探險家，從口袋裡拿出一個寶石，你接過寶石後，得到了寶石的祝福，下一次開始戰鬥時，我方精靈獲得1000初始怒氣值,"The mysterious man revealed his identity and takes out a gem - he is actually an explorer. You take the gem and receive blessings from it. In the subsequent battle, allied Pokémons receive a initial rage value of 1000.","Người bí ẩn nói ra danh tính, thật ra hắn là một nhà thám hiểm, lấy trong túi ra 1 viên bảo thạch, ngươi nhận lấy và nhận được chúc phúc của bảo thạch, lần chiến đấu tiếp theo, Pokémon phe ta nhận 1000 Nộ Khí ban đầu","""수수께끼의 인물이 자신은 사실 탐험가라 밝혔고, 주머니에서 보석을 하나 꺼냈다. 당신은 보석을 건네받고는, 보석의 축복을 받았다. 다음 전투 시작 시, 아군 포켓몬은 1000의 분노를 획득한다""",{buff=<1057>},Where are you from?,你從哪裡來,Where are you from?,404404,어디서 왔나요,"The mysterious man pointed at a direction, and while following that direction, you found a strange device. You activated the device and get 200 extra points.",神秘人指了指某個方向，沿著那個方向，你發現了一個奇怪的裝置，開啟裝置，獲得了200額外積分,"The mysterious man pointed at a direction, and while following that direction, you found a strange device. You activated the device and get 200 extra points.",404404,"""수수께끼의 인물이 특정 방향을 가르켰고, 방향을 따라 가보니 당신은 특이하게 생긴 장치를 발견했다. 장치를 가동해 보니, 추가로 200포인트를 획득했다""",{points=200},Where are you going?,你要到哪兒去,Where are you going?,404404,어디로 가시나요,The mysterious man took a bag out of his pocket and gave it to you instead of telling you. (You get a small reward),神秘人似乎不想告訴你，從口袋裡掏出一個袋子交給了你，（獲得一個小獎勵）,The mysterious man took a bag out of his pocket and gave it to you instead of telling you. (You get a small reward),404404,"""수수께끼의 인물은 당신에게 말해주고 싶지 않아 했으며, 바지 주머니에서 주머니를 꺼내 당신에게 줬다, (작은 보상을 얻었다)""",{items={gold=15000}}
10,,Mysterious Power,未知力量,Mysterious Power,404404,미지의 힘,2,,Seems like there's a mysterious power that is hindering you from moving on,似乎有某種奇怪的力量阻止你繼續前行,Seems like there's a mysterious power that is hindering you from moving on,404404,이상한 힘이 당신의 전진을 방해하는 것 같다,,,Investigate the cause,調查原因,Investigate the cause,404404,원인을 조사한다,You've successfully closed the obstruction device and received a reward,成功關上了妨礙裝置，獲得了一個獎勵,You've successfully closed the obstruction device and received a reward,404404,방해 장치를 성공적으로 잠가 보상을 획득했다,{items={gold=5000}},Taking a Detour,繞道而行,Taking a Detour,404404,돌아서 간다,You found a new path and went ahead normally (nothing happened),找到了一條新的道路，正常前行（什麼都沒發生）,You found a new path and went ahead normally (nothing happened),404404,새로운 길을 발견해 그대로 나아갔다(아무 일도 일어나지 않았다),,Go courageously,勇往直前,Go courageously,404404,용감하게 다가간다,"A certain switch seems to be triggered, current HP of battling Pokémon reduces by 20%, and rage value increases by 50%",似乎是觸發了某個機關，上陣精靈減少20%當前生命值，怒氣值增加50%,"A certain switch seems to be triggered, current HP of battling Pokémon reduces by 20%, and rage value increases by 50%",404404,"""어떤 장치를 작동시킨 것 같다. 출전한 포켓몬은 현재 HP의 20%를 잃고, 분노가 50% 증가한다""",{buff=<200;206>}
11,,Wish Maker,七夜之願,Wish Maker,404404,일곱 밤의 소원,3,,"You encounter a Jirachi which is in a very good mood, it seems to be asking about your wish.",遇到了心情很好的基拉祈，它似乎在問你想要實現的願望,"You encounter a Jirachi which is in a very good mood, it seems to be asking about your wish.","Gặp Jirachi tâm trạng rất tốt, có vẻ như nó đang hỏi bạn mong muốn điều gì","""기분이 좋은 지라치를 만났고, 그는 당신의 소원을 물어보는 것 같다""",TRUE,1,I wanna get stronger,我要變強,I wanna get stronger,404404,나는 강해질 거야,"At the beginning of the next battle, there will be a 15% chance the opponent’s current HP will be reduced by half. It will only be triggered when the on the first battle, and not be triggered in the subsequent battles",下一次戰鬥開始時，15%幾率對方敵人的當前生命值減半，只有第一次挑戰該戰鬥時可能觸發，之後挑戰不會觸發,"At the beginning of the next battle, there will be a 15% chance the opponent’s current HP will be reduced by half. It will only be triggered when the on the first battle, and not be triggered in the subsequent battles",404404,"""다음 전투 시작 시, 15%의 확률로 적 포켓몬 현재 HP의 절반을 감소 시킨다. 해당 효과는 처음 도전에서만 발동되고 이후에는 발동되지 않는다.""",{buff=<1040>},I want some diamonds,我要鑽石,I want some diamonds,404404,다이아를 원합니다,You get 50 diamonds,獲得了50鑽石,You get 50 diamonds,404404,다이아 50개를 획득했다,{items={rmb=50}},I want money,我要錢,I want money,404404,돈을 원합니다,You get plenty of money,獲得了大量金錢,You get plenty of money,404404,대량의 골드 코인을 얻었다,{items={gold=25000}}
12,,Wish Maker?,七夜之願？,Wish Maker?,404404,일곱 번째 밤의 소원?,2,,"You encounter a Jirachi which is in an okay mood, it seems to be asking about your wish.",遇到了心情一般的基拉祈，它似乎在問你想要實現的願望,"You encounter a Jirachi which is in an okay mood, it seems to be asking about your wish.","Gặp Jirachi tâm trạng bình thường, có vẻ như nó đang hỏi bạn mong muốn điều gì","""기분이 보통인 지라치를 만났고, 그는 당신의 소원을 물어보는 것 같다""",,,I wanna get stronger,我要變強,I wanna get stronger,404404,나는 강해질 거야,"Jirachi transformed back into Ditto, and nothing happened…...................... Wait, seems like it has left behind some coins",基拉祈解除變身恢復成了百變怪，什麼都沒有發生…......................等等，好像也不是，留下了少量的金幣的樣子,"Jirachi transformed back into Ditto, and nothing happened…...................... Wait, seems like it has left behind some coins","Jirachi giải trừ biến thân khôi phục thành Ditto, không có gì xảy ra... Đợi chút, hình như không phải, để lại không ít Gold","""지라치는 변신을 해제하고 메타몽으로 돌아왔고, 아무 일도 일어나지 않았다................... 아니, 그렇지 만도 않는 게 골드 코인을 조금 남긴 것 같다""",{items={gold=6000}},I want some diamonds,我要鑽石,I want some diamonds,404404,다이아를 원합니다,"Jirachi transformed back into Ditto, and nothing happened…...................... Wait, seems like it has left behind some diamonds",基拉祈解除變身恢復成了百變怪，什麼都沒有發生…......................等等，好像也不是，留下了少量的鑽石的樣子,"Jirachi transformed back into Ditto, and nothing happened…...................... Wait, seems like it has left behind some diamonds","Jirachi giải trừ biến thân khôi phục thành Ditto, không có gì xảy ra... Đợi chút, hình như không phải, để lại không ít Diamond","""지라치는 변신을 해제하고 메타몽으로 돌아왔고, 아무 일도 일어나지 않았다................... 아니, 그렇지 만도 않는 게 다이아를 조금 남긴 것 같다""",{items={rmb=10}},I want money,我要錢,I want money,404404,돈을 원합니다,"Jirachi transformed back into Ditto, and nothing happened…...................... Wait, seems like it has left behind some coins",基拉祈解除變身恢復成了百變怪，什麼都沒有發生…......................等等，好像也不是，留下了少量的金幣的樣子,"Jirachi transformed back into Ditto, and nothing happened…...................... Wait, seems like it has left behind some coins","Jirachi giải trừ biến thân khôi phục thành Ditto, không có gì xảy ra... Đợi chút, hình như không phải, để lại không ít Gold","""지라치는 변신을 해제하고 메타몽으로 돌아왔고, 아무 일도 일어나지 않았다................... 아니, 그렇지 만도 않는 게 골드 코인을 조금 남긴 것 같다""",{items={gold=6000}}
13,,Wish Maker?,七夜之願？,Wish Maker?,404404,일곱 번째 밤의 소원?,1,,"You encounter a Jirachi which is in an extremely bad mood, it seems to be asking about your wish.",遇到了心情很差的基拉祈，它似乎在問你想要實現的願望,"You encounter a Jirachi which is in an extremely bad mood, it seems to be asking about your wish.","Gặp Jirachi tâm trạng tồi tệ, có vẻ như nó đang hỏi bạn mong muốn điều gì","""기분이 안 좋은 지라치를 만났고, 그는 당신의 소원을 물어보는 것 같다""",,,I wanna get stronger,我要變強,I wanna get stronger,404404,나는 강해질 거야,"Jirachi transformed back into Ditto, and nothing happened…...................... Wait, seems like it has left behind some coins",基拉祈解除變身恢復成了百變怪，什麼都沒有發生…......................等等，好像也不是，留下了少量的金幣的樣子,"Jirachi transformed back into Ditto, and nothing happened…...................... Wait, seems like it has left behind some coins","Jirachi giải trừ biến thân khôi phục thành Ditto, không có gì xảy ra... Đợi chút, hình như không phải, để lại không ít Gold","""지라치는 변신을 해제하고 메타몽으로 돌아왔고, 아무 일도 일어나지 않았다................... 아니, 그렇지 만도 않는 게 골드 코인을 조금 남긴 것 같다""",{items={gold=5000}},I want some diamonds,我要鑽石,I want some diamonds,404404,다이아를 원합니다,"Jirachi transformed back into Ditto, and nothing happened…...................... Wait, seems like it has left behind some diamonds",基拉祈解除變身恢復成了百變怪，什麼都沒有發生…......................等等，好像也不是，留下了少量的鑽石的樣子,"Jirachi transformed back into Ditto, and nothing happened…...................... Wait, seems like it has left behind some diamonds","Jirachi giải trừ biến thân khôi phục thành Ditto, không có gì xảy ra... Đợi chút, hình như không phải, để lại không ít Diamond","""지라치는 변신을 해제하고 메타몽으로 돌아왔고, 아무 일도 일어나지 않았다................... 아니, 그렇지 만도 않는 게 다이아를 조금 남긴 것 같다""",{items={rmb=5}},I want money,我要錢,I want money,404404,돈을 원합니다,"Jirachi transformed back into Ditto, and nothing happened…...................... Wait, seems like it has left behind some coins",基拉祈解除變身恢復成了百變怪，什麼都沒有發生…......................等等，好像也不是，留下了少量的金幣的樣子,"Jirachi transformed back into Ditto, and nothing happened…...................... Wait, seems like it has left behind some coins","Jirachi giải trừ biến thân khôi phục thành Ditto, không có gì xảy ra... Đợi chút, hình như không phải, để lại không ít Gold","""지라치는 변신을 해제하고 메타몽으로 돌아왔고, 아무 일도 일어나지 않았다................... 아니, 그렇지 만도 않는 게 골드 코인을 조금 남긴 것 같다""",{items={gold=5000}}
14,,Ferocious Roadblocking Monster,攔路凶獸,Ferocious Roadblocking Monster,404404,길을 막은 몬스터,1,,"A giant Slaking has blocked their path, it seems to be sleeping soundly",一隻巨大的請假王擋住了去路，它似乎睡得很香,"A giant Slaking has blocked their path, it seems to be sleeping soundly",404404,"""거대한 게을킹 한 마리가 앞길을 막아섰고, 꿀잠을 자고 있는 것 같다""",,,Wake it up,叫醒它,Wake it up,404404,깨운다,Slaking left unwillingly,請假王不樂意地離開了,Slaking left unwillingly,404404,게을킹은 내키지 않으면서 떠났다,,Wake it up,打醒它,Wake it up,404404,깨운다,"Slaking makes a counterattack, reducing the attack bonus of all Pokémons by 5%",請假王進行了反擊，受到反擊影響，全體精靈的攻擊力加成降低5%,"Slaking makes a counterattack, reducing the attack bonus of all Pokémons by 5%",404404,게을킹이 반격을 가했다. 반격의 영향을 받아 모든 포켓몬의 공격력 보너스가 5% 감소한다,{buff=<212;213>},,,,,,,,,,,
15,,Ferocious Roadblocking Monster,攔路凶獸,Ferocious Roadblocking Monster,404404,길을 막은 몬스터,2,,"A giant Slaking has blocked their path, it seems to be sleeping soundly",一隻巨大的請假王擋住了去路，它似乎睡得很香,"A giant Slaking has blocked their path, it seems to be sleeping soundly",404404,"""거대한 게을킹 한 마리가 앞길을 막아섰고, 꿀잠을 자고 있는 것 같다""",,,Wake it up,叫醒它,Wake it up,404404,깨운다,Slaking wakes up and gives you a smooch. You receive his blessings - All enemies are silenced for 1 turn at the beginning of the next battle,請假王從睡夢中醒來，給了你一個香吻，獲得祝福——下一次戰鬥開始時，沉默所有敵人一回合,Slaking wakes up and gives you a smooch. You receive his blessings - All enemies are silenced for 1 turn at the beginning of the next battle,404404,"""게을킹이 꿈속에서 깨어나 당신에게 뽀뽀를 하여 축복을 내렸다. 다음 전투 시작 시, 모든 적을 1턴 간 침묵시킨다""",{buff=<1052>},Wake it up,打醒它,Wake it up,404404,깨운다,"Slaking ran away as it is afraid of pain, but there seemed to be a bunch of strange items underneath it.",請假王怕疼跑開了，它的身下似乎有一堆奇怪的東西,"Slaking ran away as it is afraid of pain, but there seemed to be a bunch of strange items underneath it.",404404,"""게을킹은 고통을 못 견디고 도망치면서, 이상한 것들을 흘리고 갔다""",{items={gold=15000}},,,,,,,,,,,
16,,Anxious person,焦急的人,Anxious person,404404,조급한 사람,2,,You meet someone who is walking around anxiously. He approaches you and asks for some money to buy an ice cream,你遇到了一個焦急左右走動的人，他向前向你搭話，希望你給他點錢買霜淇淋,You meet someone who is walking around anxiously. He approaches you and asks for some money to buy an ice cream,404404,"""당신은 조급하게 왔다 갔다 하는 사람을 만났고, 그는 다가와 당신에게 말을 걸며, 당신이 자신에게 아이스크림을 살 돈을 주길 원하고 있다""",,,Give him the money,給他錢,Give him the money,404404,돈을 준다,He accepts it happily and gives you a mysterious stone. All enemies fall asleep for 1 turn in the next battle,他開心地收下了，並給了你一個神秘的石頭，下一次戰鬥開始時，所有敵人陷入睡眠一回合,He accepts it happily and gives you a mysterious stone. All enemies fall asleep for 1 turn in the next battle,"Hắn vui vẻ nhận lấy và đưa ngươi 1 viên đá thần bí, bắt đầu trận chiến sau, toàn bộ địch rơi vào ngủ say 1 hiệp","""그는 기쁘게 받아들었고, 당신에게 신비한 돌멩이를 건네주었다. 다음 전투 시작 시, 모든 적은 1턴 간 수면상태가 된다""",{buff=<1053>},Reject him politely,婉言拒絕他,Reject him politely,404404,완곡히 거절한다,He left in disappointment,他失望地走開了,He left in disappointment,404404,그는 실망하면서 떠났다,,Hit him away,打跑他,Hit him away,404404,쫓아낸다,"The Poké ball in his hand flashed, and a Gyarados appeared from it. As your Pokémons are frightened, their rage value has been reset to zero",他手中的精靈球閃爍著光芒，從裡面跳出來一條暴鯉龍，受到驚嚇，我方精靈怒氣值被清空了,"The Poké ball in his hand flashed, and a Gyarados appeared from it. As your Pokémons are frightened, their rage value has been reset to zero","Pokémon trong tay hắn phát sáng, một con Gyarados nhảy ra, Pokémon phe ta sợ hãi bị xoá hết Nộ Khí","""그의 수중에 있는 몬스터볼에서 빛이 나더니, 안에서 갸라도스 한 마리가 튀어 나왔다. 당신은 깜짝 놀라서, 아군 포켓몬의 분노가 0이 됐다""",{buff=<205>}
17,,The value of honesty?,路不拾遺？,The value of honesty?,404404,정직한 사람?,3,,You found a wallet on the ground,發現地上有個錢包,You found a wallet on the ground,404404,바닥에 지갑이 떨어져 있다,,,Waiting for the owner,等待失主,Waiting for the owner,404404,주인을 기다린다,"When the owner saw it, as a gesture of gratitude he gave you a small amount of coins",失主過來後看到，作為感謝，你得到了少量金幣,"When the owner saw it, as a gesture of gratitude he gave you a small amount of coins","Chủ sở hữu đến và thấy, tặng bạn một ít Gold để cảm ơn",주인이 돌아온 후 답례로 소량의 골드 코인을 줬다,{items={gold=10000}},Accept it secretly,私自收下,Accept it secretly,404404,몰래 챙긴다,You get more coins but the rage value of your Pokémons empties as they feel guilty about it,金幣增加了，但是受到良心的譴責，我方陣容內精靈怒氣值清空,You get more coins but the rage value of your Pokémons empties as they feel guilty about it,"Gold đã tăng, nhưng bị lương tâm lên án, Pokémon trong đội hình phe ta bị xoá hết Nộ Khí","""골드 코인을 얻었지만, 양심의 가책을 느껴, 아군 라인업의 포켓몬의 분노가 0이 됐다""",{items={gold=25000};buff=<205>},Ignore,置之不理,Ignore,404404,신경 쓰지 않는다,Nothing happened,什麼都沒有發生,Nothing happened,404404,아무 일도 일어나지 않았다,
18,,Jigglypuff's Song,胖丁之歌,Jigglypuff's Song,404404,푸린의 노래,2,,Saw a Jigglypuff getting ready to sing,看到了一隻胖丁準備唱歌,Saw a Jigglypuff getting ready to sing,404404,푸린 한 마리가 노래를 부를 준비를 하고 있다,,,Listen to it singing,聽它唱,Listen to it singing,404404,노래를 듣는다,You fell asleep soundly and got enough rest. HP of Pokémons recovers by 20%,你安詳地睡去，獲得了充分的休息，上陣精靈血量回復了20%,You fell asleep soundly and got enough rest. HP of Pokémons recovers by 20%,404404,"""당신은 조용히 잠에 들었고, 충분한 휴식을 취하고 나니, 출전한 포켓몬의 HP가 20% 회복되었다""",{buff=<214>},Stop it,制止它,Stop it,404404,저지한다,Jigglypuff is very angry and used Double Slap. HP of all battling Pokémons reduces but gained rage value,胖丁非常生氣，對你使用了連環巴掌，上陣精靈生命值減少了，但是獲得了怒氣值,Jigglypuff is very angry and used Double Slap. HP of all battling Pokémons reduces but gained rage value,404404,"""푸린이 매우 화를 내며 당신에게 연속 뺨 때리기를 시전했고, 출전한 포켓몬의 HP가 감소했지만, 분노가 증가했다""",{buff=<200;211>},Run away,拔腿就跑,Run away,404404,도망친다,You've escaped from Jigglypuff's power,跑離了胖丁的能力影響範圍,You've escaped from Jigglypuff's power,404404,푸린의 능력 영향 범위에서 뛰쳐나오려 했다,
19,,Jigglypuff's Song,胖丁之歌,Jigglypuff's Song,404404,푸린의 노래,2,,Saw a Jigglypuff getting ready to sing,看到了一隻胖丁準備唱歌,Saw a Jigglypuff getting ready to sing,404404,푸린 한 마리가 노래를 부를 준비를 하고 있다,,,Listen to it singing,聽它唱,Listen to it singing,404404,노래를 듣는다,You fell asleep soundly and got enough rest. HP of Pokémons recovers by 20%,你安詳地睡去，獲得了充分的休息，上陣精靈血量回復了20%,You fell asleep soundly and got enough rest. HP of Pokémons recovers by 20%,404404,"""당신은 조용히 잠에 들었고, 충분한 휴식을 취하고 나니, 출전한 포켓몬의 HP가 20% 회복되었다""",{buff=<214>},Stop it,制止它,Stop it,404404,저지한다,Jigglypuff is very angry and used Double Slap. HP of all battling Pokémons reduces but gained rage value,胖丁非常生氣，對你使用了連環巴掌，上陣精靈生命值減少了，但是獲得了怒氣值,Jigglypuff is very angry and used Double Slap. HP of all battling Pokémons reduces but gained rage value,404404,"""푸린이 매우 화를 내며 당신에게 연속 뺨 때리기를 시전했고, 출전한 포켓몬의 HP가 감소했지만, 분노가 증가했다""",{buff=<200;211>},Run away,拔腿就跑,Run away,404404,도망친다,"But it was too late to flee, the allied Pokémons are affected by Jigglypuff and their HP recovery rate and rage level have reduced",然而跑得還是太晚了，受到了胖丁能力影響，我方精靈生命值回復，同時怒氣值減少了,"But it was too late to flee, the allied Pokémons are affected by Jigglypuff and their HP recovery rate and rage level have reduced","Tuy nhiên chạy thì đã quá muộn, bị ảnh hưởng bởi khả năng của Jigglypuff, Pokémon phe ta hồi phục HP, đồng thời giảm Nộ Khí","""그래도 늦었는지, 푸린의 능력의 영향을 받아, 아군 포켓몬의 HP가 회복되면서, 동시에 분노가 감소했다""",{buff=<214;203>}
20,,God?,神？,God?,404404,신?,3,,A man who calls himself a God suddenly appeared and asked if you had dropped a bag,忽然出現了一個自稱為神的人，詢問你是不是有掉了袋子,A man who calls himself a God suddenly appeared and asked if you had dropped a bag,404404,"""자신을 신이라 칭하는 사람이 갑자기 나타나, 당신한테 잃어버린 물건이 있는지 물어보았다""",TRUE,1,I dropped a Gold bag,我掉了個金色的袋子,I dropped a Gold bag,404404,황금색 주머니를 잃어버렸습니다,"You get a huge amount of coins, but HP of the Pokémons in battle has reduced",獲得了大量金幣，但是上陣精靈生命值減少了,"You get a huge amount of coins, but HP of the Pokémons in battle has reduced",404404,"""대량의 골드 코인을 획득했지만, 출전한 포켓몬의 HP가 감소했다""",{items={gold=50000};buff=<202>},I dropped a Silver bag,我掉了個銀色的袋子,I dropped a Silver bag,404404,은색 주머니를 잃어버렸습니다,"You get a huge amount of coins, but HP of the Pokémons in battle has reduced",獲得了大量金幣，但是上陣精靈生命值減少了,"You get a huge amount of coins, but HP of the Pokémons in battle has reduced",404404,"""대량의 골드 코인을 획득했지만, 출전한 포켓몬의 HP가 감소했다""",{items={gold=25000};buff=<201>},I have dropped nothing,我什麼都沒掉,I have dropped nothing,404404,아무것도 잃어버리지 않았습니다,Honest kids are rewarded,誠實的孩子可以得到獎勵,Honest kids are rewarded,404404,성실한 아이는 보상을 얻을 수 있다,{items={rmb=20}}
21,,Wish,願望,Wish,404404,소원,3,,"Here, tell me your wish",來吧，說出你的願望,"Here, tell me your wish",404404,"""자, 소원을 말해 보거라""",,,Intense attack,強攻,Intense attack,404404,강력한 공격,"In the next battle, allied Pokémons get a 100% chance of damage bonus after knocking down enemies for 2 turns",下一次戰鬥中，我方精靈擊殺敵人後可以獲得100%的攻擊力加成，持續2回合,"In the next battle, allied Pokémons get a 100% chance of damage bonus after knocking down enemies for 2 turns",404404,"""다음 전투에서, 아군 포켓몬이 적을 처치하면 2턴 간 100%의 공격력 보너스를 얻는다.""",{buff=<1038>},High speed,高速,High speed,404404,고속,"When the next battle begins, allied Pokémons will get an initial 1000 rage points",下一次開始戰鬥時，我方精靈獲得1000初始怒氣值,"When the next battle begins, allied Pokémons will get an initial 1000 rage points",404404,"""다음 전투 시작 시, 아군 포켓몬은 초기 분노치를 1000 획득한다.""",{buff=<1057>},Enjoy the Fruits of Others' Labor,坐享其成,Enjoy the Fruits of Others' Labor,404404,구경한다,"At the beginning of the next battle, the enemy has a 50% chance of fainting instantly (the probability applies to individual enemy)",下一次戰鬥開始時，敵人有50%概率直接死亡（每個敵人單獨計算概率）,"At the beginning of the next battle, the enemy has a 50% chance of fainting instantly (the probability applies to individual enemy)",404404,"""다음 전투 시작 시, 적이 50%의 확률로 바로 사망한다(적마다 단독으로 확률을 계산한다)""",{buff=<1041>}
22,,Wish,願望,Wish,404404,소원,3,,"Here, tell me your wish",來吧，說出你的願望,"Here, tell me your wish",404404,"""자, 소원을 말해 보거라""",,,Avoid fainting,免死,Avoid fainting,404404,죽음 면역,"Allied Pokémons immediately revive when they are knocked out, restoring 50% HP and 100% rage value. This effect can only be used once.",我方精靈陣亡時，立即復活，回復50%生命值和100%怒氣值，此效果只可作用一次,"Allied Pokémons immediately revive when they are knocked out, restoring 50% HP and 100% rage value. This effect can only be used once.",404404,"""아군 포켓몬이 사망 시 즉시 부활하여, 50%의 HP와 100%의 분노를 회복하고, 해당 효과는 1회만 발동된다""",{buff=<1047>},Intense attack,強攻,Intense attack,404404,강력한 공격,"At the beginning of the next battle, the allied Pokémon that makes the first move deals double damage",下一次戰鬥開始時，我方第一隻行動的精靈造成雙倍傷害,"At the beginning of the next battle, the allied Pokémon that makes the first move deals double damage",404404,"""다음 전투 시작 시, 첫 번째로 행동하는 아군 포켓몬이 입히는 피해가 2배가 된다.""",{buff=<1039>},Status condition,控制,Status condition,404404,제어,All enemies are silence for 1 turn in the next battle,下一次戰鬥開始時，沉默所有敵人一回合,All enemies are silence for 1 turn in the next battle,404404,"""다음 전투 시작 시, 모든 적 포켓몬을 1턴 간 침묵 상태로 만든다.""",{buff=<1052>}
23,,Should you eat? Or not?,吃？還是不吃？,Should you eat? Or not?,Ăn? Hay là không ăn?,먹어? 말어?,3,,There is a man in front who is planning to grill the Farfetch'd,眼前有個男人正打算把大蔥鴨烤起來吃,There is a man in front who is planning to grill the Farfetch'd,Trước mặt có người đàn ông đang định nướng Farfetch'd,눈앞에 어떤 남자가 파오리를 구워 먹으려 하고 있다,TRUE,1,I want to eat some meat,我要吃肉,I want to eat some meat,Tôi Muốn Ăn Thịt,고기가 먹고 싶습니다,Full recovery of HP for battling Pokémons,上陣精靈生命值完全回復,Full recovery of HP for battling Pokémons,Pokémon lên trận hồi phục hoàn toàn HP,출전한 포켓몬의 HP가 완전히 회복됐다,{buff=<210>},I want scallions,我要蔥,I want scallions,Tôi Muốn Farfetch'd,파를 원합니다,"In the last battle, all the enemies' rage level resets to zero during round 2 of the battle",最後的戰鬥中，戰鬥第二回合時清空敵方全體所有怒氣值,"In the last battle, all the enemies' rage level resets to zero during round 2 of the battle","Trong trận chiến cuối cùng, khi chiến đấu hiệp 2 xoá bỏ toàn bộ Nộ Khí toàn bộ phe địch","""마지막 전투에서, 2번째 라운드 시 모든 적은 모든 분노를 잃는다""",{buff=<1102>},Rescue Farfetch'd,救下大蔥鴨,Rescue Farfetch'd,Cứu Farfetch'd,파오리를 구한다,"Battle with that man before rescuing and releasing Farfetch'd, your battling Pokémons will increase HP by 10%. You will receive Farfetch'd's blessings where your Pokémons gets 30% more critical hit rate when using its Ultimate SKill for the first time",與那個男子進行對戰，救下並放走了大蔥鴨，上陣精靈HP-10%，得到大蔥鴨的祝福，進入戰鬥首次使用大招時，額外獲得30%暴擊率加成,"Battle with that man before rescuing and releasing Farfetch'd, your battling Pokémons will increase HP by 10%. You will receive Farfetch'd's blessings where your Pokémons gets 30% more critical hit rate when using its Ultimate SKill for the first time","Quyết đấu với người đàn ông đó, cứu và thả Farfetch'd, Pokémon lên trận giảm 10% HP, được Farfetch'd chúc phúc, vào chiến đấu lần đầu sử dụng đại chiêu, nhận thêm 30% Bạo Kích","""그 남자와 대전을 치렀고, 파오리를 구해줬다. 출전한 포켓몬의 HP -10%. 파오리의 축복을 받아, 전투 진입 후 시전하는 첫 번째 필살기는 추가로 30%의 치명타율이 적용된다""",{buff=<200;1006>}
24,,Black Market Merchant,黑市商人,Black Market Merchant,Thương Nhân Black City,암시장 상인,3,,"A suspicious man who claims to be a black market businessman appears, he is saying that he can save you from danger",出現了一個自稱黑市商人的可疑的人，似乎說是可以救你於危難,"A suspicious man who claims to be a black market businessman appears, he is saying that he can save you from danger","Xuất hiện 1 người khả nghi tự xưng là thương nhân Black City, dường như có thể cứu bạn khỏi nguy hiểm","""자신을 암시장 상인이라고 하는 수상한 사람을 만났고, 당신을 위기에서 구해줄 수 있다고 말하는 것 같다""",TRUE,1,Try listening to it,聽聽看,Try listening to it,Nghe thử xem,들어 본다,"He took out an orb from his pocket, and in the subsequent battle, enemy Pokémons with less than 10% HP at the end of the final round will be finished off by Yveltal, the god of death, and will leave the battlefield instantly",他從口袋裡拿出一個寶珠，之後戰鬥中，每大回合結束時生命低於10%的敵方精靈將被死神伊裴爾塔爾收割，直接退場,"He took out an orb from his pocket, and in the subsequent battle, enemy Pokémons with less than 10% HP at the end of the final round will be finished off by Yveltal, the god of death, and will leave the battlefield instantly","Hắn lấy trong túi ra 1 viên bảo châu, trong các trận chiến sau, kết thúc mỗi hiệp lớn, Pokémon phe địch HP dưới 10% sẽ bị thần chết Yveltal thu hoạch, cho đến khi rời trận","""그는 주머니에서 구슬 하나를 꺼냈고, 그 후 전투 중에서, 라운드 종료마다 HP가 10% 미만인 적 포켓몬은 사신 이벨타르에게 수확을 당하여 즉시 퇴장된다""",{buff=<1110>},Ignore him,不理他,Ignore him,Kệ Hắn,무시한다,"""In order to expand the number of customers, I shall give you a little discount this time around"", all enemies are silenced for 1 turn in the next battle",“作為客戶擴展，這次就給你一點優惠吧”，下一次戰鬥開始時，沉默所有敵人一回合,"""In order to expand the number of customers, I shall give you a little discount this time around"", all enemies are silenced for 1 turn in the next battle","""Để phát triển khách hàng, lần này sẽ giảm giá cho bạn chút"", khi bắt đầu lần chiến đấu sau, trầm mặc toàn bộ phe địch 1 hiệp","""“고객님의 발전을 위해, 서비스를 드리겠습니다”, 다음 전투 시작 시, 모든 적을 1턴 간 침묵시킨다""",{buff=<1052>},Vigilance,警覺,Vigilance,Cảnh Giác,경각,"""Oh no, seems like you don't find me trustworthy at all. Well then, here's a mysterious rune as a gift for you."" You obtain the power of the mysterious rune. In subsequent battles, when an enemy is defeated, you deal 40% of damage to the defeated enemy to nearby Pokémons",“哎呀哎呀，看來我還真是不被信任呢，這樣吧，這個神秘符文算我送你了”獲取了神秘符文的力量，之後的戰鬥擊敗敵人時，對其周圍精靈造成該傷害值40%的傷害,"""Oh no, seems like you don't find me trustworthy at all. Well then, here's a mysterious rune as a gift for you."" You obtain the power of the mysterious rune. In subsequent battles, when an enemy is defeated, you deal 40% of damage to the defeated enemy to nearby Pokémons","""Ồ ồ, xem ta ta thật sự không nhận được sự tin tưởng, vậy đi, coi như ta tặng ngươi Phù Văn thần bí này"" nhận được sức mạnh của Phù Văn thần bí, các trận chiến sau khi đánh bại kẻ địch, gây cho Pokémon xung quanh địch sát thương = 40% sát thương này","""“어이쿠야, 나를 믿지 않는 것 같네. 그럼, 이 신비의 룬을 그냥 선물로 주도록 하지” 신비의 룬의 힘을 얻어, 그 후의 전투에서 적을 처치하면, 처치한 적 주변 포켓몬에게 해당 피해의 40%를 추가로 입힌다""",{buff=<1116>}
25,,Mysterious man,神秘人,Mysterious man,404404,수수께끼의 인물,3,,You suddenly meet a suspicious-looking person and approached him,忽然遇到一個形跡可疑的人，你向他搭話,You suddenly meet a suspicious-looking person and approached him,404404,"""행동이 수상한 사람을 발견했고, 당신은 그에게 말을 걸었다""",,,Who are you,你是誰,Who are you,404404,당신은 누구세요?,"The mysterious man revealed his identity and takes out a soul orb - he is actually a rogue. You accept the orb and receive blessings from it. In subsequent battles, the enemy Pokémons receive a permanent 10% reduction in max. HP",神秘人說出自己身份，其實他是一個盜賊，從口袋裡拿出一個靈玉，你接過靈玉後，得到了靈玉的祝福，之後戰鬥中，敵方精靈永久減少10%生命上限,"The mysterious man revealed his identity and takes out a soul orb - he is actually a rogue. You accept the orb and receive blessings from it. In subsequent battles, the enemy Pokémons receive a permanent 10% reduction in max. HP","Người bí ẩn nói ra danh tính, thật ra hắn là tên trộm, lấy trong túi ra 1 Linh Ngọc, ngươi nhận lấy và nhận chúc phúc của Linh Ngọc, trong các trận chiến sau, Pokémon phe địch giảm vĩnh viễn 10% giới hạn HP","""수수께끼의 인물이 자신은 사실 도적이라 밝혔고, 주머니에서 옥구슬을 하나 꺼냈다. 당신은 옥구슬을 건네받고는, 옥구슬의 축복을 받았다. 다음 전투 시작 시, 적 포켓몬은 최대 10%의 HP를 영구적으로 잃는다""",{buff=<1114>},Where are you from?,你從哪裡來,Where are you from?,404404,어디서 왔나요,"The mysterious man pointed at a direction, and while following that direction, you found a strange device. You activated the device and get 200 extra points.",神秘人指了指某個方向，沿著那個方向，你發現了一個奇怪的裝置，開啟裝置，獲得了200額外積分,"The mysterious man pointed at a direction, and while following that direction, you found a strange device. You activated the device and get 200 extra points.",404404,"""수수께끼의 인물이 특정 방향을 가르켰고, 방향을 따라 가보니 당신은 특이하게 생긴 장치를 발견했다. 장치를 가동해 보니, 추가로 200포인트를 획득했다""",{points=400},Where are you going?,你要到哪兒去,Where are you going?,404404,어디로 가시나요,The mysterious man took a bag out of his pocket and gave it to you instead of telling you. (You get a small reward),神秘人似乎不想告訴你，從口袋裡掏出一個袋子交給了你，（獲得一個小獎勵）,The mysterious man took a bag out of his pocket and gave it to you instead of telling you. (You get a small reward),404404,"""수수께끼의 인물은 당신에게 말해주고 싶지 않아 했으며, 바지 주머니에서 주머니를 꺼내 당신에게 줬다, (작은 보상을 얻었다)""",{items={gold=20000}}
26,,Victini's blessing,比克提尼的祝福,Victini's blessing,Victini Chúc Phúc,비크티니의 축복,3,,A wild Victini has appeared. This Pokémon symbolizes victory and seems to be able to give you blessings,野生的比克提尼出現了，那是象徵著勝利的精靈，似乎可以給你祝福,A wild Victini has appeared. This Pokémon symbolizes victory and seems to be able to give you blessings,"Victini hoang dã đã xuất hiện, đó là Pokémon biểu tượng của thắng lợi, dường như có thể chúc phúc cho bạn","""야생의 비크티니가 나타났다. 그는 승리를 상징하는 포켓몬이며, 당신에게 축복을 내려줄지도 모른다""",TRUE,1,"My damage is not enough, I need to be stronger",我的傷害不夠，需要加強,"My damage is not enough, I need to be stronger","Sát thương của ta không đủ, cần được tăng cường","""내 대미지가 부족해, 더 강화해야 해""","You receive blessing that increases your damage, giving a true damage of 20% ATK of the Pokémon with the highest ATK in the allied team to all enemy Pokémons at the end of the final round",給予你傷害增加的祝福，每大回合結束時對所有敵方精靈造成我方攻擊最高精靈20%攻擊的真實傷害,"You receive blessing that increases your damage, giving a true damage of 20% ATK of the Pokémon with the highest ATK in the allied team to all enemy Pokémons at the end of the final round","Chúc phúc tăng sát thương cho ngươi, kết thúc mỗi hiệp lớn gây cho toàn bộ Pokémon phe địch sát thương thực = 20% tấn công cao nhất của Pokémon phe ta","""당신에게 대미지 증가 축복을 내려, 라운드 종료마다 모든 적 포켓몬에게 공격력이 가장 높은 아군 포켓몬 공격력의 20%에 해당하는 고정 피해를 입힌다""",{buff=<1121>},"My Pokémons gets knocked out easily, they need better survivability",我的精靈容易被擊敗，需要生存,"My Pokémons gets knocked out easily, they need better survivability","Pokémon của ta dễ bị đánh bại, cần phải sinh tồn","""내 포켓몬은 너무 쉽게 죽어, 생존력이 필요해""","You receive a defense blessing. When entering a battle, your team gain a shield that can absorb all damage taken by all the allied Pokémons, the amount of absorption is equal to the allied Pokémon with the highest HP",給予你防禦的祝福，進入戰鬥時獲得一個全體護盾，該護盾可以吸收所有我方精靈受到的傷害，其吸收值與我方精靈中最高生命值相同,"You receive a defense blessing. When entering a battle, your team gain a shield that can absorb all damage taken by all the allied Pokémons, the amount of absorption is equal to the allied Pokémon with the highest HP","Chúc phúc phòng ngự cho bạn, vào chiến đấu nhận 1 Hộ Thuẫn toàn thể, Hộ Thuẫn này hấp thụ bị sát thương của toàn bộ Pokémon phe ta, mức hấp thụ bằng HP cao nhất trong Pokémon phe ta","""당신에게 방어의 축복을 내려, 전투 진입 시 전체 실드를 획득한다. 해당 실드는 아군 포켓몬이 입는 피해를 흡수하며, 흡수량은 아군 포켓몬 중에서 가장 높은 HP로 적용된다""",{buff=<1122>},The enemy is too powerful,敵人太強了,The enemy is too powerful,Kẻ Địch Quá Mạnh,적이 너무 강해,You receive the blessing of annihilation. Allied Pokémons will remove alll buff effect of the enemy after using the Ultimate Skill,給予你湮滅的祝福，我方精靈使用必殺技時清除目標的所有增益效果,You receive the blessing of annihilation. Allied Pokémons will remove alll buff effect of the enemy after using the Ultimate Skill,"Chúc phúc huỷ diệt cho ngươi, Pokémon phe ta khi sử dụng kỹ năng tất sát sẽ xoá toàn bộ hiệu quả tăng lợi của mục tiêu","""당신에게 파멸의 축복이 내려져, 아군 포켓몬이 필살기를 시전할 시 목표의 모든 버프 효과를 디스펠한다""",{buff=<1119>}
27,,Today's dinner,今天的晚餐,Today's dinner,Bữa Tối Hôm Nay,오늘의 저녁,3,,You meet a trainer from the Aether Paradise who is deep in thoughts. She seems to be worrying for her dinner,遇到一個沉思中的乙太樂園訓練家，她似乎是在為今天的晚餐發愁,You meet a trainer from the Aether Paradise who is deep in thoughts. She seems to be worrying for her dinner,"Gặp 1 HLV Aether Paradise đang suy ngẫm, cô ấy dường như đang lo lắng cho bữa tối nay",고민에 빠진 에테르 파라다이스 트레이너를 만났다. 그녀는 오늘 저녁 메뉴에 대해 고민하고 있었다,TRUE,1,Suggest to her to eat the rice ball,推薦她吃飯團,Suggest to her to eat the rice ball,Đề nghị cô ấy ăn cơm nắm,주먹밥을 추천해 준다,"She heeded your advice, went to the canteen to get some rice balls, and shared one with you",她接受了你的意見，去食堂買了飯團，並分了一個給你,"She heeded your advice, went to the canteen to get some rice balls, and shared one with you","Cô ấy chấp nhận ý kiến của ngươi, đến quán ăn mua cơm nắm và cho ngươi 1 phần","""그녀는 당신의 의견을 받아들이고, 식당에서 주먹밥을 사와, 하나를 당신에게 나눠주었다""",{items={516=1}},We can just have lunch boxes since time is tight,時間不多，吃點便當算了吧,We can just have lunch boxes since time is tight,"Thời gian không nhiều, ăn Bento được rồi","""시간이 얼마 없으니, 도시락을 추천합니다""","She heeded your advice, went to a convenience store to buy some lunch box, and shared some with you",她接受了你的提議，去便利店買了些便當，並分了一些給你,"She heeded your advice, went to a convenience store to buy some lunch box, and shared some with you","Cô ấy chấp nhận đề nghị của bạn, đến cửa hàng tiện mợi mua ít Bento, cho cho bạn một ít","""그녀는 당신의 의견을 받아들이고, 식당에서 도시락을 사와, 당신에게 나눠주었다""",{items={515=1}},,,,,,,,,,,
28,,Secret investigation?,潛入搜查？,Secret investigation?,Lén Tìm Kiếm?,잠입 수사?,2,,"A man who claims to be a Ranger has appeared, he seems to be seeking for your help to investigate the nearby Pokémons that have gone missing mysteriously",面前出現了一個自稱是巡護員的人，似乎想請你協助調查附近精靈異常走失的情況,"A man who claims to be a Ranger has appeared, he seems to be seeking for your help to investigate the nearby Pokémons that have gone missing mysteriously","Trước mặt xuất hiện 1 người tự xưng là Ranger, dường như muốn nhờ bạn hỗ trợ điều tra tình hình Pokémon đi lạc bất thường gần đây","""전방에 자신을 순찰대원이라 부르는 사람을 만났고, 당신에게 근처에서 포켓몬이 길을 잃는 비정상적인 사건의 조사에 협조해달라 하려는 것 같다""",,1,Kind and Helpful,熱心協助,Kind and Helpful,Hỗ trợ nhiệt tình,흔쾌히 도와준다,"You've been tricked by him after entering a room, the HP of your battling Pokémons reduces by 10% but rage value increases",在你進入某個房間之後，被他暗算，上陣精靈生命值減少10%，但是怒氣值增加了,"You've been tricked by him after entering a room, the HP of your battling Pokémons reduces by 10% but rage value increases","Sau khi ngươi vào Phòng bất kỳ, bị hắn hãm hại, Pokémon lên trận giảm 10% HP, nhưng Nộ Khí tăng","""당신이 어떤 방에 들어간 후 그의 함정에 걸려서 출전한 포켓몬의 HP가 10% 감소했지만, 분노가 증가했다""",{buff=<200;215>},Express suspicion,表達懷疑,Express suspicion,Thể hiện nghie ngờ,의심을 표한다,"""I didn't expect you to see through that. I shouldn't stay here for long, bye."" You feel very unhappy about it, and the rage value of the Pokémons on the battlefield increases",“沒想到你居然能識破，此地不宜久留，我先走了”，你感到很不愉快，上陣精靈的怒氣值增加了,"""I didn't expect you to see through that. I shouldn't stay here for long, bye."" You feel very unhappy about it, and the rage value of the Pokémons on the battlefield increases","""Không ngờ ngươi có thể phá giải, nơi này không thể ở lâu, ta đi trước đây"", bạn thấy không vui, Pokémon lên trận tăng Nộ Khí","""“눈치챌 줄이야, 이곳은 오래 머물지는 못 하니, 먼저 갈게”, 당신은 매우 불쾌했고, 출전한 포켓몬의 분노가 증가했다""",{buff=<215>},,,,,,,,,,,
29,,Secret investigation,潛入搜查,Secret investigation,Lén Tìm Kiếm,잠입 수사,2,,"A man who claims to be a Ranger has appeared, he seems to be seeking for your help to investigate the nearby Pokémons that have gone missing mysteriously",面前出現了一個自稱是巡護員的人，請你協助調查附近精靈異常走失的情況,"A man who claims to be a Ranger has appeared, he seems to be seeking for your help to investigate the nearby Pokémons that have gone missing mysteriously","Trước mặt xuất hiện 1 người tự xưng là Ranger, nhờ bạn hỗ trợ điều tra tình hình Pokémon đi lạc bất thường gần đây","""전방에 자신을 순찰대원이라 부르는 사람을 만났고, 당신에게 근처에서 포켓몬이 실종되는 비정상적인 사건의 조사에 협조해달라 했다""",,1,Kind and Helpful,熱心協助,Kind and Helpful,Hỗ trợ nhiệt tình,흔쾌히 도와준다,"Battle with the gang of rogues with the ranger, HP of battling Pokémons reduces by 10%, but rage level has increased",和巡護員一起，與某個盜賊團夥發生了戰鬥，上陣精靈生命值減少10%，但是怒氣值增加了,"Battle with the gang of rogues with the ranger, HP of battling Pokémons reduces by 10%, but rage level has increased","Cùng với Ranger chiến đấu với nhóm trộm bất kỳ, Pokémon lên trận giảm 10% HP, nhưng Nộ Khí tăng","""순찰 대원과 함께 어느 도적단과 전투가 일어났다. 출전한 포켓몬의 HP가 10% 감소했지만, 분노가 증가했다""",{buff=<200;215>},Express suspicion,表達懷疑,Express suspicion,Thể hiện nghie ngờ,의심을 표한다,"""There's nothing I can if you don't believe me. Maybe I can heal your companions?"" The HP of the battling Pokémons has recovered",“既然你不相信我也沒辦法，這樣吧，我幫你治療一下你的夥伴吧”，上陣精靈生命值獲得了回復,"""There's nothing I can if you don't believe me. Maybe I can heal your companions?"" The HP of the battling Pokémons has recovered","""Ngươi không tin ta cũng hết cách, thế này đi, ta giúp ngươi trị liệu đồng đội của ngươi"", Pokémon lên trận hồi phục HP","""“믿지 않는다니 어쩔 수 없지. 그럼, 내가 너의 동료들을 치료해 줄게”, 출전한 포켓몬의 HP가 회복됐다""",{buff=<210>},,,,,,,,,,,
30,,Sweets Room,點心房間,Sweets Room,Phòng Dimsum,디저트 룸,2,,"You've entered a room that makes sweets, but there seems to be no one here",進到了一個做點心的房間，但是這裡似乎沒有人在,"You've entered a room that makes sweets, but there seems to be no one here","Vào 1 Phòng làm Dimsum, nhưng hình như không có ai ở đây","""디저트를 만드는 방으로 들어왔지만, 이곳에는 아무도 없는 것 같다""",,,Steal some sweets,偷吃點心,Steal some sweets,Ăn trộm Dimsum,디저트를 훔쳐먹는다,HP of allied Pokémons fully recovers,上陣精靈的hp回復了,HP of allied Pokémons fully recovers,Pokémon lên trận hồi phục HP,출전한 포켓몬의 HP가 회복됐다,{buff=<214>},Takeaway,打包帶走,Takeaway,Gói mang đi,테이크 아웃 한다,"It's lucky you escaped fast enough, you're almost found",差點就被發現了，還好跑得快,"It's lucky you escaped fast enough, you're almost found","Suýt nữa bị phát hiện, may mà chạy nhanh","""하마터면 들킬 뻔했네, 빨리 도망쳐서 다행이야""",,,,,,,,,,,,
,,,,,,,,,,,,,,,,,,,,,,,,,,,,,,,,,,,,,,,,,,,,,,,,
1000,,Mysterious man,神秘人,Mysterious man,404404,수수께끼의 인물,1,,You suddenly meet a suspicious-looking person and approached him,忽然遇到一個形跡可疑的人，你向他搭話,You suddenly meet a suspicious-looking person and approached him,404404,"""행동이 수상한 사람을 발견했고, 당신은 그에게 말을 걸었다""",,,Who are you,你是誰,Who are you,404404,당신은 누구세요?,"The mysterious man ""poofs"" and transformed into Ditto before quickly fleeing away.",神秘人“嘭”得一聲變成了百變怪，飛快逃走了,"The mysterious man ""poofs"" and transformed into Ditto before quickly fleeing away.",404404,수수께끼의 인물이 “펑”하면서 메타몽으로 변하더니 빠르게 도망쳤다,,Where are you from?,你從哪裡來,Where are you from?,404404,어디서 왔나요,"The mysterious man pointed at a direction, and while following that direction, you found a strange device. You activated the device and get 50extra points and 10000 coins.",神秘人指了指某個方向，沿著那個方向，你發現了一個奇怪的裝置，開啟裝置，獲得了50額外積分，還有金幣,"The mysterious man pointed at a direction, and while following that direction, you found a strange device. You activated the device and get 50extra points and 10000 coins.",404404,"""수수께끼의 인물이 특정 방향을 가르켰고, 방향을 따라 가보니 당신은 특이하게 생긴 장치를 발견했다. 장치를 가동해 보니, 추가로 50포인트와 골드 코인을 획득했다""",{points=50;items={gold=5000}},Where are you going?,你要到哪兒去,Where are you going?,404404,어디로 가시나요,"The mysterious man doesn't say anything, but takes out a bag from the pocket and hands it to you.",神秘人似乎不想告訴你，從口袋裡掏出一個袋子交給了你,"The mysterious man doesn't say anything, but takes out a bag from the pocket and hands it to you.",404404,"""수수께끼의 인물은 당신에게 말해주고 싶지 않아 했으며, 바지 주머니에서 주머니를 꺼내 당신에게 줬다""",{items={gold=6000}}
1001,,Mysterious man,神秘人,Mysterious man,404404,수수께끼의 인물,2,,You suddenly meet a suspicious-looking person and approached him,忽然遇到一個形跡可疑的人，你向他搭話,You suddenly meet a suspicious-looking person and approached him,404404,"""행동이 수상한 사람을 발견했고, 당신은 그에게 말을 걸었다""",,,Who are you,你是誰,Who are you,404404,당신은 누구세요?,"The mysterious man pointed at a direction, and while following that direction, you found a strange device. You activated the device and get 50extra points and 10000 coins.",神秘人指了指某個方向，沿著那個方向，你發現了一個奇怪的裝置，開啟裝置，獲得了50額外積分，還有金幣,"The mysterious man pointed at a direction, and while following that direction, you found a strange device. You activated the device and get 50extra points and 10000 coins.",404404,"""수수께끼의 인물이 특정 방향을 가르켰고, 방향을 따라 가보니 당신은 특이하게 생긴 장치를 발견했다. 장치를 가동해 보니, 추가로 50포인트와 골드 코인을 획득했다""",{points=50;items={gold=5000}},Where are you from?,你從哪裡來,Where are you from?,404404,어디서 왔나요,"The mysterious man doesn't say anything, but takes out a bag from the pocket and hands it to you.",神秘人似乎不想告訴你，從口袋裡掏出一個袋子交給了你,"The mysterious man doesn't say anything, but takes out a bag from the pocket and hands it to you.",404404,"""수수께끼의 인물은 당신에게 말해주고 싶지 않아 했으며, 바지 주머니에서 주머니를 꺼내 당신에게 줬다""",{items={gold=6000}},Where are you going?,你要到哪兒去,Where are you going?,404404,어디로 가시나요,"The mysterious man ""poofs"" and transformed into Ditto before quickly fleeing away.",神秘人“嘭”得一聲變成了百變怪，飛快逃走了,"The mysterious man ""poofs"" and transformed into Ditto before quickly fleeing away.",404404,수수께끼의 인물이 “펑”하면서 메타몽으로 변하더니 빠르게 도망쳤다,
1002,,Mysterious man,神秘人,Mysterious man,404404,수수께끼의 인물,3,,You suddenly meet a suspicious-looking person and approached him,忽然遇到一個形跡可疑的人，你向他搭話,You suddenly meet a suspicious-looking person and approached him,404404,"""행동이 수상한 사람을 발견했고, 당신은 그에게 말을 걸었다""",,,Who are you,你是誰,Who are you,404404,당신은 누구세요?,"The mysterious man pointed at a direction, and while following that direction, you found a strange device. You activated the device and get 50extra points and 10000 coins.",神秘人指了指某個方向，沿著那個方向，你發現了一個奇怪的裝置，開啟裝置，獲得了50額外積分，還有金幣,"The mysterious man pointed at a direction, and while following that direction, you found a strange device. You activated the device and get 50extra points and 10000 coins.",404404,"""수수께끼의 인물이 특정 방향을 가르켰고, 방향을 따라 가보니 당신은 특이하게 생긴 장치를 발견했다. 장치를 가동해 보니, 추가로 50포인트와 골드 코인을 획득했다""",{points=50;items={gold=5000}},Where are you from?,你從哪裡來,Where are you from?,404404,어디서 왔나요,"The mysterious man doesn't say anything, but takes out a bag from the pocket and hands it to you.",神秘人似乎不想告訴你，從口袋裡掏出一個袋子交給了你,"The mysterious man doesn't say anything, but takes out a bag from the pocket and hands it to you.",404404,"""수수께끼의 인물은 당신에게 말해주고 싶지 않아 했으며, 바지 주머니에서 주머니를 꺼내 당신에게 줬다""",{items={gold=6000}},Where are you going?,你要到哪兒去,Where are you going?,404404,어디로 가시나요,The mysterious man gives it some thought and hands you a small bag,神秘人略有所思，掏出一個小袋子給你,The mysterious man gives it some thought and hands you a small bag,"Người bí ẩn suy nghĩ một chút, lấy ra 1 túi nhỏ đưa cho ngươi","""수수께끼의 인물은 고민을 하더니, 작은 주머니를 꺼내 건네줬다""",{items={rmb=10}}